{
  "cards": {
    "P1_rem_01": {
      "name": "acordando a bruxa",
      "CID": "P1_rem_01",
      "desc": "Um terrível julgamento o aguarda.",
      "cardtype": "rem",
      "cardrarity": "incomum",
      "cardeffect": "assustado",
      "points": 0
    },
    "P1_nrem_01": {
      "name": "admoestação parental",
      "CID": "P1_nrem_01",
      "desc": "Uma triste memória de infância.",
      "cardtype": "nrem",
      "cardrarity": "comum",
      "cardeffect": "nenhum",
      "points": 1
    },
    "P1_rem_02": {
      "name": "aparição sufocante",
      "CID": "P1_rem_02",
      "desc": "Escondida nos sombrios véus da noite.",
      "cardtype": "rem",
      "cardrarity": "comum",
      "cardeffect": "assustado",
      "points": 0
    },
    "P1_pill_01": {
      "name": "barbitúricos",
      "CID": "P1_pill_01",
      "desc": "Te fazem dormir.",
      "cardtype": "pill",
      "cardrarity": "incomum",
      "cardeffect": "adormecido",
      "points": 0
    },
    "P1_nrem_02": {
      "name": "bicho papão",
      "CID": "P1_nrem_02",
      "desc": "Como quando criança... Debaixo de cama ele está.",
      "cardtype": "nrem",
      "cardrarity": "incomum",
      "cardeffect": "nenhum",
      "points": 3
    },
    "P1_rem_03": {
      "name": "consciente necrópsia",
      "CID": "P1_rem_03",
      "desc": "Sobre sua pele, agora dança um gelado bisturi.",
      "cardtype": "rem",
      "cardrarity": "comum",
      "cardeffect": "assustado",
      "points": 0
    },
    "P1_nrem_03": {
      "name": "derretimento neural",
      "CID": "P1_nrem_03",
      "desc": "Lão se vão seus neurônios.",
      "cardtype": "nrem",
      "cardrarity": "comum",
      "cardeffect": "nenhum",
      "points": 3
    },
    "P1_rem_04": {
      "name": "desgraça online",
      "CID": "P1_rem_04",
      "desc": "Desgraça online.",
      "cardtype": "rem",
      "cardrarity": "rara",
      "cardeffect": "assustado",
      "points": 5
    },
    "P1_rem_05": {
      "name": "drama encefálico",
      "CID": "P1_rem_05",
      "desc": "Logo passa.",
      "cardtype": "rem",
      "cardrarity": "comum",
      "cardeffect": "paralisado",
      "points": 0
    },
    "P1_nrem_04": {
      "name": "homem esguio",
      "CID": "P1_nrem_04",
      "desc": "No canto de sua parede, ele lhe espera.",
      "cardtype": "nrem",
      "cardrarity": "incomum",
      "cardeffect": "nenhum",
      "points": 4
    },
    "P1_pill_02": {
      "name": "inalação de café",
      "CID": "P1_pill_02",
      "desc": "Acordado como nunca.",
      "cardtype": "pill",
      "cardrarity": "comum",
      "cardeffect": "consciente",
      "points": 0
    },
    "P1_nrem_05": {
      "name": "inflação decapital",
      "CID": "P1_nrem_05",
      "desc": "De capital eu bem entendo.",
      "cardtype": "nrem",
      "cardrarity": "incomum",
      "cardeffect": "nenhum",
      "points": 3
    },
    "P1_pill_03": {
      "name": "insônia",
      "CID": "P1_pill_03",
      "desc": "Sorte que hoje não pegou no sono.",
      "cardtype": "pill",
      "cardrarity": "comum",
      "cardeffect": "consciente",
      "points": 0
    },
    "P1_nrem_06": {
      "name": "malevolência",
      "CID": "P1_nrem_06",
      "desc": "Necessitas ter.",
      "cardtype": "nrem",
      "cardrarity": "incomum",
      "cardeffect": "nenhum",
      "points": 4
    },
    "P1_nrem_07": {
      "name": "martelada vertebral",
      "CID": "P1_nrem_07",
      "desc": "Te faz vibrar todo o corpo.",
      "cardtype": "nrem",
      "cardrarity": "comum",
      "cardeffect": "nenhum",
      "points": 2
    },
    "P1_rem_06": {
      "name": "memória materna",
      "CID": "P1_rem_06",
      "desc": "Uma doce memória pode mexer com qualquer um.",
      "cardtype": "rem",
      "cardrarity": "comum",
      "cardeffect": "paralisado",
      "points": 0
    },
    "P1_nrem_08": {
      "name": "o grito",
      "CID": "P1_nrem_08",
      "desc": "Lhe aflinge.",
      "cardtype": "nrem",
      "cardrarity": "comum",
      "cardeffect": "nenhum",
      "points": 3
    },
    "P1_pill_04": {
      "name": "o lapso",
      "CID": "P1_pill_04",
      "desc": "Vê o mundo real?",
      "cardtype": "pill",
      "cardrarity": "incomum",
      "cardeffect": "consciente",
      "points": 2
    },
    "P1_nrem_09": {
      "name": "obituário",
      "CID": "P1_nrem_09",
      "desc": "É o seu nome nessa ficha.",
      "cardtype": "nrem",
      "cardrarity": "comum",
      "cardeffect": "nenhum",
      "points": 2
    },
    "P1_rem_07": {
      "name": "paralisitagem",
      "CID": "P1_rem_07",
      "desc": "Sob a sua pele, te hipnotiza, te paralisa, te parasita.",
      "cardtype": "rem",
      "cardrarity": "incomum",
      "cardeffect": "paralisado",
      "points": 3
    },
    "P1_nrem_10": {
      "name": "pisadeira",
      "CID": "P1_nrem_10",
      "desc": "É ela quem não te deixa dormir.",
      "cardtype": "nrem",
      "cardrarity": "rara",
      "cardeffect": "paralisado",
      "points": 4
    },
    "P1_pill_05": {
      "name": "rinite benzedrínica",
      "CID": "P1_pill_05",
      "desc": "Substância ativa.",
      "cardtype": "pill",
      "cardrarity": "rara",
      "cardeffect": "consciente",
      "points": 4
    },
    "P1_nrem_11": {
      "name": "ruído metálico",
      "CID": "P1_nrem_11",
      "desc": "Que range os tímpanos e lhe rasga os ouvidos.",
      "cardtype": "nrem",
      "cardrarity": "comum",
      "cardeffect": "nenhum",
      "points": 1
    },
    "P1_rem_08": {
      "name": "sonho profundo",
      "CID": "P1_rem_08",
      "desc": "Este lugar... Familiar.",
      "cardtype": "rem",
      "cardrarity": "comum",
      "cardeffect": "paralisado",
      "points": 0
    },
    "P1_nrem_12": {
      "name": "sonhos de infância",
      "CID": "P1_nrem_12",
      "desc": "Amargas memórias de uma vida longínqua.",
      "cardtype": "nrem",
      "cardrarity": "incomum",
      "cardeffect": "nenhum",
      "points": 4
    },
    "P1_rem_09": {
      "name": "sonolência cruel",
      "CID": "P1_rem_09",
      "desc": "Crua e cruel.",
      "cardtype": "rem",
      "cardrarity": "incomum",
      "cardeffect": "adormecido",
      "points": 2
    },
    "P1_nrem_13": {
      "name": "sopro da morte",
      "CID": "P1_nrem_13",
      "desc": "Gela-te os ossos.",
      "cardtype": "nrem",
      "cardrarity": "incomum",
      "cardeffect": "nenhum",
      "points": 5
    },
    "P1_nrem_14": {
      "name": "tarântula",
      "CID": "P1_nrem_14",
      "desc": "Com ou sem veneno?",
      "cardtype": "nrem",
      "cardrarity": "comum",
      "cardeffect": "nenhum",
      "points": 2
    },
    "P1_rem_10": {
      "name": "terrores noturnos",
      "CID": "P1_rem_10",
      "desc": "Que não te deixam dormir...",
      "cardtype": "rem",
      "cardrarity": "incomum",
      "cardeffect": "assustado",
      "points": 2
    },
    "P1_pill_06": {
      "name": "tropeço hipnagógico",
      "CID": "P1_pill_06",
      "desc": "Como tropeçar na calçada da rua. Acorde!",
      "cardtype": "pill",
      "cardrarity": "incomum",
      "cardeffect": "consciente",
      "points": 0
    }
  }
}